,Precio (Euros/Mes),Habitaciones,Tamanyo (m2),Euros/m2
0,1200,3 hab.,170,7.06
1,700,3 hab.,115,6.09
2,500,3 hab.,70,7.14
3,600,3 hab.,110,5.45
4,800,3 hab.,100,8.0
5,950,3 hab.,150,6.33
6,700,1 hab.,70,10.0
7,2200,5 hab.,370,5.95
8,600,2 hab.,100,6.0
9,1050,3 hab.,130,8.08
10,1000,4 hab.,180,5.56
11,800,4 hab.,120,6.67
12,570,3 hab.,90,6.33
13,1200,3 hab.,140,8.57
14,490,3 hab.,75,6.53
15,1000,3 hab.,120,8.33
16,820,2 hab.,92,8.91
17,800,3 hab.,100,8.0
18,1100,3 hab.,110,10.0
19,630,,37,17.03
20,750,2 hab.,100,7.5
21,420,3 hab.,70,6.0
22,1250,3 hab.,140,8.93
23,500,3 hab.,70,7.14
24,1200,3 hab.,112,10.71
25,700,3 hab.,80,8.75
26,1500,4 hab.,285,5.26
27,520,3 hab.,90,5.78
28,480,3 hab.,85,5.65
29,1000,3 hab.,80,12.5
30,545,1 hab.,53,10.28
31,480,3 hab.,85,5.65
32,1200,2 hab.,105,11.43
33,650,3 hab.,97,6.7
34,800,2 hab.,80,10.0
35,1000,4 hab.,180,5.56
36,1300,3 hab.,110,11.82
37,480,1 hab.,50,9.6
38,950,3 hab.,140,6.79
39,1300,2 hab.,174,7.47
40,750,4 hab.,185,4.05
41,2500,4 hab.,136,18.38
42,1350,2 hab.,100,13.5
43,1200,3 hab.,135,8.89
44,850,2 hab.,67,12.69
45,2200,5 hab.,280,7.86
46,899,3 hab.,84,10.7
47,580,1 hab.,75,7.73
48,2000,3 hab.,172,11.63
49,1500,4 hab.,324,4.63
50,1800,4 hab.,336,5.36
51,900,2 hab.,70,12.86
52,1400,4 hab.,155,9.03
53,850,3 hab.,123,6.91
54,1300,2 hab.,157,8.28
55,650,1 hab.,74,8.78
56,970,4 hab.,160,6.06
57,1100,4 hab.,109,10.09
58,2300,4 hab.,157,14.65
59,1000,4 hab.,148,6.76
60,1000,3 hab.,102,9.8
61,800,3 hab.,125,6.4
62,750,4 hab.,150,5.0
63,850,4 hab.,110,7.73
64,800,2 hab.,85,9.41
65,700,3 hab.,130,5.38
66,2200,4 hab.,600,3.67
67,1800,5 hab.,360,5.0
68,700,2 hab.,80,8.75
69,1200,2 hab.,90,13.33
70,2000,3 hab.,174,11.49
71,545,3 hab.,78,6.99
72,625,3 hab.,91,6.87
73,560,3 hab.,81,6.91
74,560,3 hab.,89,6.29
75,1000,2 hab.,90,11.11
76,1800,4 hab.,200,9.0
77,2000,3 hab.,200,10.0
78,1100,3 hab.,110,10.0
79,700,3 hab.,104,6.73
80,2000,5 hab.,200,10.0
81,1500,4 hab.,254,5.91
82,1500,3 hab.,130,11.54
83,650,1 hab.,92,7.07
84,1700,4 hab.,200,8.5
85,1600,3 hab.,160,10.0
86,1600,3 hab.,115,13.91
87,1400,3 hab.,345,4.06
88,3500,7 hab.,550,6.36
89,1150,4 hab.,200,5.75
90,1000,3 hab.,95,10.53
91,1800,4 hab.,350,5.14
92,1800,4 hab.,165,10.91
93,520,3 hab.,87,5.98
94,700,4 hab.,140,5.0
95,440,2 hab.,65,6.77
96,450,2 hab.,62,7.26
97,700,3 hab.,130,5.38
98,950,3 hab.,110,8.64
99,1300,3 hab.,110,11.82
100,550,,37,14.86
101,1500,4 hab.,300,5.0
102,1000,3 hab.,160,6.25
103,1800,11 hab.,240,7.5
104,875,3 hab.,115,7.61
105,1400,3 hab.,130,10.77
106,1700,4 hab.,220,7.73
107,1200,3 hab.,130,9.23
108,1300,3 hab.,115,11.3
109,1800,2 hab.,160,11.25
110,900,3 hab.,158,5.7
111,800,2 hab.,90,8.89
112,1500,4 hab.,125,12.0
113,750,2 hab.,103,7.28
114,875,3 hab.,109,8.03
115,1300,3 hab.,110,11.82
116,1600,3 hab.,130,12.31
117,1600,3 hab.,130,12.31
118,1200,3 hab.,145,8.28
119,2200,4 hab.,199,11.06
120,950,3 hab.,130,7.31
121,1700,4 hab.,330,5.15
122,1950,3 hab.,100,19.5
123,1250,5 hab.,150,8.33
124,2000,4 hab.,110,18.18
125,565,3 hab.,89,6.35
126,560,3 hab.,89,6.29
127,560,3 hab.,89,6.29
128,560,3 hab.,81,6.91
129,560,3 hab.,85,6.59
130,560,3 hab.,85,6.59
131,555,3 hab.,87,6.38
132,625,3 hab.,91,6.87
133,560,3 hab.,88,6.36
134,535,3 hab.,80,6.69
135,565,3 hab.,89,6.35
136,560,3 hab.,89,6.29
137,545,3 hab.,78,6.99
138,595,3 hab.,89,6.69
139,515,3 hab.,79,6.52
140,750,3 hab.,108,6.94
141,1200,3 hab.,220,5.45
142,1100,3 hab.,117,9.4
143,550,3 hab.,120,4.58
144,1800,2 hab.,120,15.0
145,750,3 hab.,120,6.25
146,1100,3 hab.,150,7.33
147,850,3 hab.,118,7.2
148,425,3 hab.,41,10.37
149,900,4 hab.,125,7.2
150,800,2 hab.,90,8.89
151,890,3 hab.,150,5.93
152,1300,4 hab.,294,4.42
153,600,2 hab.,87,6.9
154,650,,70,9.29
155,550,1 hab.,74,7.43
156,650,1 hab.,60,10.83
157,730,3 hab.,115,6.35
158,1000,2 hab.,90,11.11
159,1800,3 hab.,180,10.0
160,900,3 hab.,99,9.09
161,1500,3 hab.,120,12.5
162,670,2 hab.,75,8.93
163,750,2 hab.,87,8.62
164,490,3 hab.,85,5.76
165,1200,3 hab.,130,9.23
166,1200,4 hab.,130,9.23
167,1500,4 hab.,312,4.81
168,900,3 hab.,128,7.03
169,550,2 hab.,65,8.46
170,550,1 hab.,61,9.02
171,600,3 hab.,100,6.0
172,1800,5 hab.,320,5.62
173,1750,3 hab.,154,11.36
174,1100,2 hab.,110,10.0
175,1300,2 hab.,250,5.2
176,1800,4 hab.,255,7.06
177,2100,5 hab.,430,4.88
178,550,1 hab.,68,8.09
179,570,4 hab.,110,5.18
180,2200,4 hab.,340,6.47
181,2500,4 hab.,300,8.33
182,890,4 hab.,140,6.36
183,1200,2 hab.,86,13.95
184,900,3 hab.,110,8.18
185,875,3 hab.,109,8.03
186,1700,4 hab.,300,5.67
187,1500,4 hab.,300,5.0
188,950,3 hab.,128,7.42
189,1500,4 hab.,260,5.77
190,950,3 hab.,127,7.48
191,1200,3 hab.,102,11.76
192,925,2 hab.,75,12.33
193,1400,4 hab.,240,5.83
194,450,2 hab.,75,6.0
195,750,3 hab.,100,7.5
196,1200,4 hab.,235,5.11
197,1200,4 hab.,190,6.32
198,1300,3 hab.,100,13.0
199,650,2 hab.,65,10.0
200,1200,4 hab.,220,5.45
201,1850,4 hab.,180,10.28
202,1100,4 hab.,150,7.33
203,600,3 hab.,85,7.06
204,680,3 hab.,125,5.44
205,1400,3 hab.,95,14.74
206,950,1 hab.,85,11.18
207,1250,5 hab.,170,7.35
208,575,3 hab.,100,5.75
209,875,3 hab.,140,6.25
210,585,2 hab.,98,5.97
211,475,1 hab.,55,8.64
212,900,3 hab.,106,8.49
213,750,2 hab.,215,3.49
214,1400,4 hab.,155,9.03
215,950,4 hab.,160,5.94
216,1800,5 hab.,270,6.67
217,2100,3 hab.,170,12.35
218,850,3 hab.,118,7.2
219,600,2 hab.,95,6.32
220,1200,3 hab.,200,6.0
221,600,3 hab.,80,7.5
222,1150,3 hab.,126,9.13
223,1400,3 hab.,285,4.91
224,595,3 hab.,89,6.69
225,565,3 hab.,89,6.35
226,535,3 hab.,80,6.69
227,560,3 hab.,88,6.36
228,560,3 hab.,85,6.59
229,550,3 hab.,79,6.96
230,650,3 hab.,90,7.22
231,405,2 hab.,60,6.75
232,590,4 hab.,130,4.54
233,555,3 hab.,89,6.24
234,1200,4 hab.,200,6.0
235,1100,2 hab.,120,9.17
236,1300,3 hab.,110,11.82
237,2300,4 hab.,187,12.3
238,975,2 hab.,75,13.0
239,800,3 hab.,100,8.0
240,900,1 hab.,55,16.36
241,1000,1 hab.,82,12.2
242,1200,2 hab.,126,9.52
243,1200,3 hab.,178,6.74
244,950,2 hab.,70,13.57
245,900,3 hab.,135,6.67
246,1000,2 hab.,62,16.13
247,850,2 hab.,72,11.81
248,1000,2 hab.,82,12.2
249,1500,3 hab.,152,9.87
250,1000,2 hab.,82,12.2
251,1000,2 hab.,95,10.53
252,1220,3 hab.,115,10.61
253,600,2 hab.,65,9.23
254,670,3 hab.,100,6.7
255,950,4 hab.,160,5.94
256,400,3 hab.,64,6.25
257,825,3 hab.,128,6.45
258,750,4 hab.,130,5.77
259,750,3 hab.,110,6.82
260,950,3 hab.,150,6.33
261,550,2 hab.,70,7.86
262,600,3 hab.,90,6.67
263,500,,40,12.5
264,500,,30,16.67
265,780,2 hab.,90,8.67
266,750,4 hab.,138,5.43
267,550,2 hab.,85,6.47
268,1800,2 hab.,116,15.52
269,950,3 hab.,122,7.79
270,850,3 hab.,100,8.5
271,890,2 hab.,100,8.9
272,1750,3 hab.,200,8.75
273,865,4 hab.,129,6.71
274,850,3 hab.,100,8.5
275,725,3 hab.,110,6.59
276,750,2 hab.,100,7.5
277,1200,2 hab.,95,12.63
278,1300,3 hab.,114,11.4
279,1400,2 hab.,151,9.27
280,1300,6 hab.,175,7.43
281,1600,3 hab.,140,11.43
282,1800,2 hab.,140,12.86
283,650,3 hab.,85,7.65
284,775,2 hab.,85,9.12
285,700,3 hab.,160,4.38
286,1300,4 hab.,120,10.83
287,1800,4 hab.,220,8.18
288,1600,3 hab.,157,10.19
289,1300,3 hab.,150,8.67
290,1100,3 hab.,110,10.0
291,1400,3 hab.,94,14.89
292,1750,5 hab.,300,5.83
293,1300,2 hab.,120,10.83
294,550,1 hab.,60,9.17
295,850,4 hab.,108,7.87
296,900,4 hab.,143,6.29
297,650,4 hab.,128,5.08
298,700,4 hab.,139,5.04
299,575,3 hab.,82,7.01
300,900,2 hab.,117,7.69
301,550,1 hab.,80,6.88
302,480,3 hab.,95,5.05
303,800,2 hab.,95,8.42
304,550,2 hab.,80,6.88
305,800,3 hab.,95,8.42
306,2250,2 hab.,80,28.12
307,1850,4 hab.,173,10.69
308,1300,4 hab.,150,8.67
309,800,4 hab.,130,6.15
310,800,3 hab.,130,6.15
311,650,1 hab.,79,8.23
312,875,3 hab.,150,5.83
313,1000,3 hab.,160,6.25
314,1200,2 hab.,135,8.89
315,1000,3 hab.,120,8.33
316,1300,4 hab.,280,4.64
317,1000,4 hab.,140,7.14
318,1300,2 hab.,137,9.49
319,2200,3 hab.,120,18.33
320,600,2 hab.,60,10.0
321,1500,4 hab.,260,5.77
322,1400,5 hab.,180,7.78
323,1000,4 hab.,140,7.14
324,1200,4 hab.,130,9.23
325,950,3 hab.,95,10.0
326,650,3 hab.,73,8.9
327,950,3 hab.,90,10.56
328,900,3 hab.,120,7.5
329,955,2 hab.,119,8.03
330,565,3 hab.,95,5.95
331,525,3 hab.,80,6.56
332,555,3 hab.,87,6.38
333,560,3 hab.,80,7.0
334,565,3 hab.,84,6.73
335,565,3 hab.,93,6.08
336,900,3 hab.,135,6.67
337,800,4 hab.,280,2.86
338,1300,2 hab.,95,13.68
339,800,3 hab.,120,6.67
340,1200,4 hab.,140,8.57
341,1600,3 hab.,130,12.31
342,700,3 hab.,90,7.78
343,1200,3 hab.,137,8.76
344,1150,4 hab.,160,7.19
345,1200,4 hab.,150,8.0
346,850,5 hab.,145,5.86
347,1200,3 hab.,95,12.63
348,1200,2 hab.,120,10.0
349,1200,2 hab.,53,22.64
350,1300,4 hab.,200,6.5
351,575,1 hab.,45,12.78
352,700,2 hab.,70,10.0
353,590,1 hab.,55,10.73
354,1000,3 hab.,160,6.25
355,750,3 hab.,159,4.72
356,650,2 hab.,71,9.15
357,2200,4 hab.,334,6.59
358,850,3 hab.,102,8.33
359,1200,2 hab.,128,9.38
360,1100,4 hab.,120,9.17
361,650,1 hab.,75,8.67
362,950,2 hab.,107,8.88
363,1900,5 hab.,300,6.33
364,555,3 hab.,89,6.24
365,405,2 hab.,60,6.75
366,1300,5 hab.,285,4.56
367,1000,3 hab.,115,8.7
368,1000,4 hab.,165,6.06
369,690,3 hab.,110,6.27
370,600,1 hab.,52,11.54
371,1100,2 hab.,105,10.48
372,515,2 hab.,70,7.36
373,850,2 hab.,145,5.86
374,650,1 hab.,70,9.29
375,980,2 hab.,75,13.07
376,1200,3 hab.,125,9.6
377,650,1 hab.,80,8.12
378,400,3 hab.,76,5.26
379,3000,6 hab.,460,6.52
380,1500,4 hab.,312,4.81
381,2000,2 hab.,87,22.99
382,550,2 hab.,80,6.88
383,380,3 hab.,75,5.07
384,590,2 hab.,64,9.22
385,600,2 hab.,64,9.38
386,650,2 hab.,74,8.78
387,650,2 hab.,74,8.78
388,700,3 hab.,160,4.38
389,1700,6 hab.,260,6.54
390,1200,5 hab.,180,6.67
391,825,3 hab.,120,6.88
392,1300,3 hab.,140,9.29
393,900,4 hab.,120,7.5
394,1150,4 hab.,145,7.93
395,550,,37,14.86
396,3000,3 hab.,90,33.33
397,500,,45,11.11
398,850,3 hab.,110,7.73
399,850,3 hab.,118,7.2
400,650,2 hab.,81,8.02
401,750,4 hab.,138,5.43
402,800,5 hab.,137,5.84
403,453,2 hab.,94,4.82
404,520,3 hab.,84,6.19
405,645,2 hab.,82,7.87
406,430,3 hab.,56,7.68
407,830,3 hab.,147,5.65
408,2500,4 hab.,300,8.33
409,1800,5 hab.,459,3.92
410,900,3 hab.,101,8.91
411,1400,3 hab.,150,9.33
412,1400,4 hab.,170,8.24
413,950,3 hab.,173,5.49
414,1900,4 hab.,320,5.94
415,1300,4 hab.,188,6.91
416,850,3 hab.,157,5.41
417,1200,3 hab.,137,8.76
418,1000,4 hab.,140,7.14
419,1000,4 hab.,119,8.4
420,3500,3 hab.,120,29.17
421,1250,3 hab.,125,10.0
422,1150,4 hab.,148,7.77
423,2000,3 hab.,191,10.47
424,925,3 hab.,133,6.95
425,750,3 hab.,90,8.33
426,775,3 hab.,90,8.61
427,700,2 hab.,70,10.0
428,550,3 hab.,90,6.11
429,900,3 hab.,174,5.17
430,1200,3 hab.,144,8.33
431,900,3 hab.,102,8.82
432,530,1 hab.,60,8.83
433,800,3 hab.,115,6.96
434,800,3 hab.,115,6.96
435,1200,3 hab.,120,10.0
436,680,2 hab.,87,7.82
437,925,3 hab.,170,5.44
438,700,2 hab.,75,9.33
439,1800,4 hab.,300,6.0
440,850,3 hab.,103,8.25
441,740,3 hab.,130,5.69
442,1150,4 hab.,140,8.21
443,750,2 hab.,97,7.73
444,1100,4 hab.,210,5.24
445,2500,3 hab.,120,20.83
446,650,2 hab.,60,10.83
447,1400,3 hab.,285,4.91
448,1300,3 hab.,110,11.82
449,1150,4 hab.,200,5.75
450,1000,3 hab.,80,12.5
451,500,3 hab.,60,8.33
452,550,1 hab.,120,4.58
453,500,2 hab.,75,6.67
454,800,2 hab.,70,11.43
455,550,,65,8.46
456,600,1 hab.,40,15.0
457,580,3 hab.,70,8.29
458,590,3 hab.,90,6.56
459,800,3 hab.,94,8.51
460,565,3 hab.,93,6.08
461,565,3 hab.,84,6.73
462,560,3 hab.,80,7.0
463,555,3 hab.,87,6.38
464,525,3 hab.,80,6.56
465,565,3 hab.,95,5.95
466,575,3 hab.,90,6.39
467,800,3 hab.,100,8.0
468,800,2 hab.,90,8.89
469,750,3 hab.,115,6.52
470,650,1 hab.,65,10.0
471,980,5 hab.,240,4.08
472,650,2 hab.,123,5.28
473,900,3 hab.,120,7.5
474,850,3 hab.,105,8.1
475,740,3 hab.,130,5.69
476,900,4 hab.,120,7.5
477,800,1 hab.,50,16.0
478,2200,3 hab.,155,14.19
479,1300,2 hab.,140,9.29
480,850,3 hab.,148,5.74
481,420,2 hab.,66,6.36
482,400,3 hab.,78,5.13
483,500,3 hab.,76,6.58
484,1100,3 hab.,120,9.17
485,1800,2 hab.,143,12.59
486,1300,4 hab.,185,7.03
487,600,2 hab.,75,8.0
488,850,4 hab.,110,7.73
489,1100,2 hab.,110,10.0
490,800,3 hab.,112,7.14
491,550,2 hab.,90,6.11
492,525,2 hab.,68,7.72
493,800,4 hab.,160,5.0
494,550,3 hab.,106,5.19
495,800,4 hab.,160,5.0
496,950,3 hab.,120,7.92
497,950,3 hab.,120,7.92
498,1200,5 hab.,340,3.53
499,650,3 hab.,104,6.25
500,1550,2 hab.,75,20.67
501,825,3 hab.,135,6.11
502,800,3 hab.,120,6.67
503,900,3 hab.,95,9.47
504,600,3 hab.,100,6.0
505,1500,4 hab.,260,5.77
506,2500,3 hab.,267,9.36
507,650,3 hab.,80,8.12
508,950,3 hab.,120,7.92
509,550,3 hab.,80,6.88
510,650,2 hab.,85,7.65
511,850,2 hab.,94,9.04
512,1300,3 hab.,172,7.56
513,580,1 hab.,67,8.66
514,1900,3 hab.,120,15.83
515,1900,3 hab.,120,15.83
516,750,1 hab.,80,9.38
517,1700,3 hab.,120,14.17
518,1150,3 hab.,150,7.67
519,950,3 hab.,128,7.42
520,700,4 hab.,99,7.07
521,1050,2 hab.,130,8.08
522,900,1 hab.,70,12.86
523,1800,4 hab.,250,7.2
524,825,3 hab.,125,6.6
525,1500,4 hab.,260,5.77
526,485,1 hab.,60,8.08
527,800,2 hab.,96,8.33
528,710,3 hab.,104,6.83
529,1100,3 hab.,109,10.09
530,2500,4 hab.,215,11.63
531,975,3 hab.,120,8.12
532,1700,2 hab.,100,17.0
533,1750,3 hab.,154,11.36
534,1280,4 hab.,260,4.92
535,1490,3 hab.,198,7.53
536,1200,3 hab.,160,7.5
537,2000,4 hab.,230,8.7
538,1080,4 hab.,120,9.0
539,950,3 hab.,160,5.94
540,990,4 hab.,144,6.88
541,1300,4 hab.,250,5.2
542,550,2 hab.,58,9.48
543,530,3 hab.,75,7.07
544,500,1 hab.,54,9.26
545,650,2 hab.,75,8.67
546,850,4 hab.,90,9.44
547,600,1 hab.,60,10.0
548,650,1 hab.,60,10.83
549,990,3 hab.,287,3.45
550,650,2 hab.,68,9.56
551,750,2 hab.,90,8.33
552,1100,5 hab.,180,6.11
553,680,3 hab.,95,7.16
554,820,2 hab.,110,7.45
555,950,2 hab.,70,13.57
556,950,2 hab.,85,11.18
557,1200,1 hab.,85,14.12
558,1400,4 hab.,145,9.66
559,1300,3 hab.,100,13.0
560,830,3 hab.,87,9.54
561,800,2 hab.,87,9.2
562,480,,40,12.0
563,1100,4 hab.,180,6.11
564,650,4 hab.,105,6.19
565,595,1 hab.,52,11.44
566,550,2 hab.,50,11.0
567,850,2 hab.,108,7.87
568,650,1 hab.,54,12.04
569,750,3 hab.,90,8.33
570,900,1 hab.,70,12.86
571,1200,3 hab.,240,5.0
572,1300,3 hab.,180,7.22
573,1200,3 hab.,180,6.67
574,1800,2 hab.,116,15.52
575,850,3 hab.,135,6.3
576,800,,85,9.41
577,1300,2 hab.,255,5.1
578,750,3 hab.,113,6.64
579,680,3 hab.,105,6.48
580,780,3 hab.,90,8.67
581,950,3 hab.,94,10.11
582,950,3 hab.,90,10.56
583,680,2 hab.,65,10.46
584,900,3 hab.,71,12.68
585,850,4 hab.,187,4.55
586,850,2 hab.,86,9.88
587,1000,3 hab.,100,10.0
588,750,2 hab.,65,11.54
589,750,1 hab.,45,16.67
590,800,3 hab.,95,8.42
591,650,2 hab.,78,8.33
592,1400,4 hab.,250,5.6
593,550,2 hab.,78,7.05
594,750,3 hab.,157,4.78
595,600,2 hab.,90,6.67
596,1000,3 hab.,130,7.69
597,2500,5 hab.,460,5.43
598,800,3 hab.,115,6.96
599,700,3 hab.,115,6.09
600,1100,4 hab.,120,9.17
601,1100,4 hab.,165,6.67
602,1500,2 hab.,132,11.36
603,950,3 hab.,128,7.42
604,500,3 hab.,75,6.67
605,850,4 hab.,120,7.08
606,900,4 hab.,170,5.29
607,850,2 hab.,86,9.88
608,500,3 hab.,109,4.59
609,900,3 hab.,88,10.23
610,800,3 hab.,127,6.3
611,500,3 hab.,85,5.88
612,800,4 hab.,119,6.72
613,550,1 hab.,50,11.0
614,800,2 hab.,70,11.43
615,590,1 hab.,50,11.8
616,480,2 hab.,60,8.0
617,800,3 hab.,115,6.96
618,1200,3 hab.,130,9.23
619,1000,3 hab.,105,9.52
620,950,3 hab.,130,7.31
621,650,3 hab.,96,6.77
622,700,3 hab.,100,7.0
623,650,2 hab.,68,9.56
624,900,3 hab.,115,7.83
625,750,2 hab.,101,7.43
626,600,2 hab.,73,8.22
627,1700,3 hab.,130,13.08
628,900,4 hab.,145,6.21
629,1300,2 hab.,270,4.81
630,700,1 hab.,59,11.86
631,1200,2 hab.,140,8.57
632,800,2 hab.,80,10.0
633,750,2 hab.,117,6.41
634,1950,5 hab.,300,6.5
635,1200,3 hab.,109,11.01
636,1200,3 hab.,109,11.01
637,1500,2 hab.,140,10.71
638,1150,4 hab.,150,7.67
639,2000,2 hab.,100,20.0
640,1200,1 hab.,75,16.0
641,1800,5 hab.,400,4.5
642,680,3 hab.,98,6.94
643,550,2 hab.,70,7.86
644,450,3 hab.,82,5.49
645,580,3 hab.,90,6.44
646,650,3 hab.,130,5.0
647,1200,3 hab.,143,8.39
648,600,2 hab.,70,8.57
649,800,4 hab.,90,8.89
650,3000,4 hab.,190,15.79
651,1800,5 hab.,270,6.67
652,1000,4 hab.,130,7.69
653,850,1 hab.,55,15.45
654,1000,4 hab.,130,7.69
655,600,1 hab.,50,12.0
656,1050,3 hab.,130,8.08
657,700,3 hab.,105,6.67
658,1200,3 hab.,170,7.06
659,625,3 hab.,70,8.93
660,780,2 hab.,95,8.21
661,950,4 hab.,160,5.94
662,1200,3 hab.,120,10.0
663,700,3 hab.,110,6.36
664,1100,3 hab.,120,9.17
665,750,4 hab.,120,6.25
666,700,1 hab.,50,14.0
667,750,2 hab.,105,7.14
668,480,,40,12.0
669,700,,55,12.73
670,550,2 hab.,85,6.47
671,700,3 hab.,94,7.45
672,1050,2 hab.,138,7.61
673,1000,4 hab.,135,7.41
674,1300,3 hab.,158,8.23
675,740,3 hab.,120,6.17
676,750,3 hab.,115,6.52
677,1200,3 hab.,130,9.23
678,2000,4 hab.,182,10.99
679,700,3 hab.,94,7.45
680,470,2 hab.,55,8.55
681,600,3 hab.,79,7.59
682,600,3 hab.,100,6.0
683,600,3 hab.,95,6.32
684,1000,4 hab.,160,6.25
685,800,3 hab.,104,7.69
686,600,2 hab.,80,7.5
687,800,3 hab.,112,7.14
688,600,1 hab.,50,12.0
689,1250,5 hab.,250,5.0
690,600,2 hab.,85,7.06
691,1000,3 hab.,130,7.69
692,700,3 hab.,90,7.78
693,850,4 hab.,120,7.08
694,450,3 hab.,90,5.0
695,1400,4 hab.,133,10.53
696,1500,4 hab.,250,6.0
697,850,3 hab.,118,7.2
698,575,1 hab.,35,16.43
699,550,3 hab.,70,7.86
700,650,3 hab.,97,6.7
701,700,4 hab.,115,6.09
702,700,3 hab.,120,5.83
703,1000,4 hab.,110,9.09
704,950,3 hab.,128,7.42
705,600,3 hab.,79,7.59
706,525,2 hab.,80,6.56
707,775,3 hab.,110,7.05
708,1800,4 hab.,250,7.2
709,500,1 hab.,50,10.0
710,1050,3 hab.,140,7.5
711,650,2 hab.,90,7.22
712,950,3 hab.,120,7.92
713,650,2 hab.,80,8.12
714,900,3 hab.,120,7.5
715,1300,3 hab.,110,11.82
716,800,1 hab.,66,12.12
717,800,3 hab.,90,8.89
718,650,3 hab.,87,7.47
719,875,3 hab.,119,7.35
720,650,1 hab.,75,8.67
721,600,3 hab.,90,6.67
722,600,4 hab.,102,5.88
723,725,3 hab.,90,8.06
724,850,3 hab.,95,8.95
725,675,2 hab.,70,9.64
726,560,1 hab.,55,10.18
727,580,2 hab.,78,7.44
728,680,3 hab.,90,7.56
729,1200,3 hab.,130,9.23
730,450,2 hab.,65,6.92
731,750,2 hab.,95,7.89
732,580,1 hab.,40,14.5
733,1700,3 hab.,120,14.17
734,700,3 hab.,120,5.83
735,750,2 hab.,75,10.0
736,750,2 hab.,85,8.82
737,550,3 hab.,67,8.21
738,900,3 hab.,144,6.25
739,750,3 hab.,85,8.82
740,650,1 hab.,60,10.83
741,700,2 hab.,102,6.86
742,1200,3 hab.,150,8.0
743,800,3 hab.,104,7.69
744,1200,3 hab.,150,8.0
745,650,1 hab.,65,10.0
746,750,3 hab.,90,8.33
747,800,2 hab.,75,10.67
748,750,3 hab.,95,7.89
749,1100,3 hab.,140,7.86
750,800,3 hab.,95,8.42
751,875,2 hab.,90,9.72
752,850,3 hab.,100,8.5
753,840,3 hab.,105,8.0
754,800,4 hab.,160,5.0
755,1200,2 hab.,90,13.33
756,1000,4 hab.,120,8.33
757,800,2 hab.,115,6.96
758,1000,4 hab.,160,6.25
759,975,3 hab.,140,6.96
760,875,3 hab.,110,7.95
761,1200,3 hab.,140,8.57
762,900,2 hab.,105,8.57
763,780,2 hab.,100,7.8
764,1200,3 hab.,107,11.21
765,600,3 hab.,85,7.06
766,400,,28,14.29
767,800,1 hab.,70,11.43
768,450,2 hab.,59,7.63
769,950,3 hab.,128,7.42
770,700,2 hab.,130,5.38
771,800,3 hab.,92,8.7
772,800,3 hab.,115,6.96
773,550,1 hab.,40,13.75
774,1250,2 hab.,106,11.79
775,800,2 hab.,98,8.16
776,600,3 hab.,120,5.0
777,800,3 hab.,95,8.42
778,850,2 hab.,85,10.0
779,990,3 hab.,287,3.45
780,550,3 hab.,120,4.58
781,1700,3 hab.,120,14.17
782,650,,80,8.12
783,500,3 hab.,110,4.55
784,500,3 hab.,90,5.56
785,800,3 hab.,100,8.0
786,550,1 hab.,75,7.33
787,1200,5 hab.,240,5.0
788,550,,40,13.75
789,700,3 hab.,79,8.86
790,600,3 hab.,106,5.66
791,1600,3 hab.,112,14.29
792,800,3 hab.,105,7.62
793,600,3 hab.,85,7.06
794,440,4 hab.,80,5.5
795,900,3 hab.,100,9.0
796,650,,55,11.82
797,700,3 hab.,100,7.0
798,1200,3 hab.,120,10.0
799,600,3 hab.,75,8.0
800,890,,120,7.42
801,900,2 hab.,84,10.71
802,750,3 hab.,114,6.58
803,850,2 hab.,93,9.14
804,850,3 hab.,118,7.2
805,650,4 hab.,105,6.19
806,800,3 hab.,100,8.0
807,750,3 hab.,125,6.0
808,700,3 hab.,90,7.78
809,1100,4 hab.,210,5.24
810,450,3 hab.,85,5.29
811,850,2 hab.,85,10.0
812,850,3 hab.,135,6.3
813,1100,2 hab.,100,11.0
814,700,2 hab.,90,7.78
815,825,3 hab.,120,6.88
816,650,3 hab.,100,6.5
817,650,1 hab.,65,10.0
818,800,3 hab.,120,6.67
819,530,,50,10.6
820,325,,49,6.63
821,850,2 hab.,90,9.44
822,700,2 hab.,112,6.25
823,495,1 hab.,60,8.25
824,1000,3 hab.,80,12.5
825,970,3 hab.,115,8.43
826,650,3 hab.,130,5.0
827,800,2 hab.,96,8.33
828,2500,4 hab.,300,8.33
829,650,3 hab.,110,5.91
830,1000,4 hab.,180,5.56
831,1200,3 hab.,150,8.0
832,1100,6 hab.,175,6.29
833,575,3 hab.,125,4.6
834,1100,4 hab.,180,6.11
835,650,3 hab.,95,6.84
836,780,3 hab.,95,8.21
837,600,4 hab.,120,5.0
838,3000,4 hab.,190,15.79
839,725,3 hab.,122,5.94
840,850,2 hab.,90,9.44
841,1500,4 hab.,260,5.77
842,1050,3 hab.,105,10.0
843,950,3 hab.,128,7.42
844,580,3 hab.,95,6.11
845,2000,2 hab.,100,20.0
846,500,3 hab.,70,7.14
847,550,1 hab.,70,7.86
848,1100,3 hab.,135,8.15
849,850,2 hab.,90,9.44
850,800,3 hab.,140,5.71
851,1850,4 hab.,173,10.69
852,500,1 hab.,40,12.5
853,2000,3 hab.,175,11.43
854,750,2 hab.,80,9.38
855,750,2 hab.,80,9.38
856,850,3 hab.,125,6.8
857,480,1 hab.,60,8.0
858,750,2 hab.,90,8.33
859,800,3 hab.,116,6.9
860,780,3 hab.,145,5.38
861,1700,6 hab.,300,5.67
862,800,3 hab.,100,8.0
863,1500,4 hab.,130,11.54
864,1000,4 hab.,125,8.0
865,750,3 hab.,90,8.33
866,700,2 hab.,90,7.78
867,1500,3 hab.,145,10.34
868,850,3 hab.,140,6.07
869,1100,3 hab.,140,7.86
870,550,,42,13.1
871,850,3 hab.,290,2.93
872,750,3 hab.,94,7.98
873,725,3 hab.,100,7.25
874,1000,4 hab.,130,7.69
875,600,3 hab.,100,6.0
876,700,2 hab.,75,9.33
877,650,1 hab.,55,11.82
878,600,3 hab.,105,5.71
879,680,3 hab.,98,6.94
880,980,2 hab.,75,13.07
881,420,3 hab.,70,6.0
882,800,3 hab.,100,8.0
883,680,2 hab.,87,7.82
884,820,2 hab.,110,7.45
885,490,3 hab.,74,6.62
886,450,2 hab.,69,6.52
887,650,1 hab.,55,11.82
888,400,3 hab.,79,5.06
889,600,1 hab.,60,10.0
890,450,2 hab.,70,6.43
891,900,4 hab.,140,6.43
892,1050,3 hab.,105,10.0
893,850,3 hab.,100,8.5
894,700,4 hab.,120,5.83
895,600,2 hab.,50,12.0
896,1200,3 hab.,180,6.67
897,750,4 hab.,130,5.77
898,750,,95,7.89
899,5000,12 hab.,350,14.29
900,850,3 hab.,130,6.54
901,1200,3 hab.,140,8.57
902,850,3 hab.,130,6.54
903,1875,2 hab.,115,16.3
904,700,2 hab.,65,10.77
905,2200,4 hab.,400,5.5
906,1000,3 hab.,127,7.87
907,1800,4 hab.,140,12.86
908,450,2 hab.,80,5.62
909,500,1 hab.,80,6.25
910,500,1 hab.,80,6.25
911,600,3 hab.,90,6.67
912,700,3 hab.,140,5.0
913,790,2 hab.,105,7.52
914,650,1 hab.,80,8.12
915,900,4 hab.,130,6.92
916,500,1 hab.,60,8.33
917,825,2 hab.,80,10.31
918,900,3 hab.,150,6.0
919,1300,2 hab.,140,9.29
920,600,2 hab.,75,8.0
921,750,3 hab.,100,7.5
922,850,3 hab.,80,10.62
923,795,4 hab.,180,4.42
924,750,2 hab.,75,10.0
925,750,1 hab.,70,10.71
926,750,2 hab.,75,10.0
927,1000,3 hab.,130,7.69
928,700,,30,23.33
929,650,4 hab.,120,5.42
930,3000,4 hab.,140,21.43
931,800,2 hab.,105,7.62
932,1400,4 hab.,130,10.77
933,420,3 hab.,75,5.6
934,600,3 hab.,80,7.5
935,1100,2 hab.,110,10.0
936,580,1 hab.,70,8.29
937,700,3 hab.,82,8.54
938,2500,5 hab.,485,5.15
939,600,4 hab.,120,5.0
940,650,3 hab.,100,6.5
941,2250,2 hab.,80,28.12
942,600,4 hab.,110,5.45
943,850,4 hab.,125,6.8
944,470,2 hab.,83,5.66
945,770,3 hab.,70,11.0
946,460,3 hab.,80,5.75
947,550,,42,13.1
948,650,2 hab.,75,8.67
949,800,1 hab.,67,11.94
950,470,2 hab.,55,8.55
951,850,2 hab.,93,9.14
952,1150,4 hab.,84,13.69
953,550,2 hab.,78,7.05
954,650,1 hab.,70,9.29
955,900,2 hab.,105,8.57
956,500,1 hab.,45,11.11
957,750,3 hab.,80,9.38
958,700,2 hab.,85,8.24
959,780,2 hab.,100,7.8
960,1100,3 hab.,120,9.17
961,450,,28,16.07
962,680,2 hab.,80,8.5
963,700,2 hab.,75,9.33
964,1100,4 hab.,131,8.4
965,750,4 hab.,140,5.36
966,500,1 hab.,68,7.35
967,550,3 hab.,78,7.05
968,580,2 hab.,75,7.73
969,600,4 hab.,113,5.31
970,480,,45,10.67
971,800,2 hab.,80,10.0
972,800,3 hab.,125,6.4
973,750,2 hab.,75,10.0
974,495,2 hab.,67,7.39
975,590,1 hab.,50,11.8
976,950,2 hab.,85,11.18
977,600,2 hab.,90,6.67
978,800,4 hab.,160,5.0
979,600,2 hab.,70,8.57
980,450,3 hab.,70,6.43
981,800,3 hab.,115,6.96
982,750,4 hab.,140,5.36
983,740,3 hab.,120,6.17
984,1300,2 hab.,180,7.22
985,600,2 hab.,60,10.0
986,1000,4 hab.,140,7.14
987,800,2 hab.,98,8.16
988,580,2 hab.,78,7.44
989,850,1 hab.,60,14.17
990,950,2 hab.,80,11.88
991,650,1 hab.,80,8.12
992,900,3 hab.,95,9.47
993,650,2 hab.,80,8.12
994,700,2 hab.,67,10.45
995,1100,3 hab.,120,9.17
996,850,3 hab.,100,8.5
997,800,3 hab.,85,9.41
998,750,1 hab.,60,12.5
999,1600,3 hab.,148,10.81
1000,950,3 hab.,120,7.92
1001,1200,3 hab.,96,12.5
1002,1900,5 hab.,170,11.18
1003,1200,2 hab.,100,12.0
1004,650,1 hab.,60,10.83
1005,570,,120,4.75
1006,570,1 hab.,45,12.67
1007,800,3 hab.,105,7.62
1008,400,2 hab.,80,5.0
1009,725,3 hab.,122,5.94
1010,650,3 hab.,100,6.5
1011,550,3 hab.,90,6.11
1012,650,3 hab.,137,4.74
1013,750,3 hab.,90,8.33
1014,500,4 hab.,80,6.25
1015,800,3 hab.,92,8.7
1016,2000,4 hab.,160,12.5
1017,850,3 hab.,105,8.1
1018,1000,4 hab.,160,6.25
1019,600,3 hab.,90,6.67
1020,740,3 hab.,130,5.69
1021,950,3 hab.,120,7.92
1022,775,2 hab.,105,7.38
1023,700,2 hab.,75,9.33
1024,600,4 hab.,120,5.0
1025,900,2 hab.,95,9.47
1026,600,3 hab.,115,5.22
1027,650,3 hab.,90,7.22
1028,950,2 hab.,75,12.67
1029,1900,3 hab.,120,15.83
1030,550,1 hab.,38,14.47
1031,650,3 hab.,110,5.91
1032,650,3 hab.,100,6.5
1033,650,2 hab.,93,6.99
1034,780,2 hab.,95,8.21
1035,800,3 hab.,100,8.0
1036,850,3 hab.,95,8.95
1037,850,3 hab.,90,9.44
1038,800,3 hab.,130,6.15
1039,600,2 hab.,40,15.0
1040,650,1 hab.,55,11.82
1041,900,2 hab.,45,20.0
1042,800,2 hab.,90,8.89
1043,800,3 hab.,110,7.27
1044,900,3 hab.,105,8.57
1045,980,2 hab.,75,13.07
1046,1500,4 hab.,250,6.0
1047,1250,2 hab.,107,11.68
1048,500,3 hab.,85,5.88
1049,900,3 hab.,102,8.82
1050,500,2 hab.,111,4.5
1051,650,3 hab.,80,8.12
1052,780,3 hab.,90,8.67
1053,600,3 hab.,90,6.67
1054,475,3 hab.,85,5.59
1055,550,,30,18.33
1056,1300,4 hab.,170,7.65
1057,600,2 hab.,80,7.5
1058,825,4 hab.,160,5.16
1059,800,1 hab.,60,13.33
1060,850,3 hab.,102,8.33
1061,1200,3 hab.,180,6.67
1062,650,3 hab.,85,7.65
1063,1000,3 hab.,150,6.67
1064,600,3 hab.,85,7.06
1065,675,3 hab.,110,6.14
1066,850,2 hab.,75,11.33
1067,850,3 hab.,140,6.07
1068,750,3 hab.,120,6.25
1069,800,2 hab.,110,7.27
1070,700,2 hab.,112,6.25
1071,900,4 hab.,140,6.43
1072,525,2 hab.,80,6.56
1073,500,1 hab.,40,12.5
1074,650,2 hab.,70,9.29
1075,600,3 hab.,120,5.0
1076,600,,50,12.0
1077,370,3 hab.,75,4.93
1078,650,3 hab.,100,6.5
1079,850,4 hab.,180,4.72
1080,580,3 hab.,90,6.44
1081,520,2 hab.,75,6.93
1082,850,3 hab.,120,7.08
1083,1100,6 hab.,175,6.29
1084,550,,40,13.75
1085,700,3 hab.,80,8.75
1086,750,2 hab.,78,9.62
1087,1800,3 hab.,115,15.65
1088,700,2 hab.,95,7.37
1089,700,3 hab.,82,8.54
1090,1450,2 hab.,82,17.68
1091,750,2 hab.,70,10.71
1092,790,2 hab.,110,7.18
1093,1300,3 hab.,118,11.02
1094,600,1 hab.,65,9.23
1095,390,1 hab.,45,8.67
1096,1800,2 hab.,85,21.18
1097,380,,40,9.5
1098,1000,3 hab.,110,9.09
1099,1500,5 hab.,300,5.0
1100,690,2 hab.,70,9.86
1101,750,2 hab.,90,8.33
1102,640,1 hab.,48,13.33
1103,650,3 hab.,80,8.12
1104,700,3 hab.,140,5.0
1105,700,2 hab.,110,6.36
1106,1000,4 hab.,130,7.69
1107,680,3 hab.,90,7.56
1108,750,3 hab.,98,7.65
1109,1100,5 hab.,175,6.29
1110,500,,30,16.67
1111,850,2 hab.,89,9.55
1112,1200,5 hab.,400,3.0
1113,600,3 hab.,100,6.0
1114,550,,30,18.33
1115,900,2 hab.,105,8.57
1116,850,2 hab.,70,12.14
1117,900,4 hab.,120,7.5
1118,1000,3 hab.,95,10.53
1119,580,3 hab.,110,5.27
1120,450,3 hab.,75,6.0
1121,650,3 hab.,100,6.5
1122,1300,2 hab.,120,10.83
1123,650,2 hab.,60,10.83
1124,950,1 hab.,75,12.67
1125,1200,2 hab.,130,9.23
1126,650,3 hab.,160,4.06
1127,750,2 hab.,110,6.82
1128,750,2 hab.,72,10.42
1129,380,4 hab.,130,2.92
1130,650,1 hab.,50,13.0
1131,800,2 hab.,80,10.0
1132,900,3 hab.,71,12.68
1133,1100,4 hab.,210,5.24
1134,1200,3 hab.,80,15.0
1135,600,1 hab.,90,6.67
1136,1800,2 hab.,116,15.52
1137,750,1 hab.,70,10.71
1138,750,2 hab.,88,8.52
1139,750,3 hab.,150,5.0
1140,650,3 hab.,200,3.25
1141,750,3 hab.,70,10.71
1142,1200,3 hab.,110,10.91
1143,1790,4 hab.,118,15.17
1144,750,3 hab.,106,7.08
1145,700,3 hab.,70,10.0
1146,675,3 hab.,89,7.58
1147,1800,3 hab.,120,15.0
1148,800,3 hab.,140,5.71
1149,750,3 hab.,105,7.14
1150,700,3 hab.,112,6.25
1151,700,2 hab.,80,8.75
1152,750,3 hab.,91,8.24
1153,500,3 hab.,95,5.26
